ID,keywords,acountType,joinedDate,following,followers,location,tweet,tweetType,datePosted,contentType,likes,replies,retweets,quoteTweets,quotedTweet
1,"peso, weak, dollar, strong",Identified,04/10,360,558,Philippines,"600 per kilo? Edi wag bumili ng 1 kilo.
Solution para wag matraffic? Wag pumunta.
Peso is not weak, dollar is just strong.
No transportation issues, kulang lang diskarte.
History is like chismis

PH wins the gold medal sa mental gymnastics by a huge margin ??",Text,29/12/2022 17:46,"Rational, Emotional",10,0,5,0,None
2,"peso, weak, dollar, strong",Anonymous,06/10,573,1170,Unidentified,"Ang tawag sa uri ng statement na ito ay ""Sandrocism.""

The peso is weak not because the peso is weak. The peso is weak because the dollar is strong. https://t.co/CWYqnGJSqY","Text,Image",24/12/2022 21:57,Rational,14,1,0,0,None
3,"peso, weak, dollar, strong",Anonymous,05/20,628,535,Unidentified,"The Peso is not weak, but the dollar  is really strong uh. ?? https://t.co/42hhU0fW3H","Text,Image",12/12/2022 13:03,Emotional,1,1,0,0,None
4,"peso, weak, dollar, strong",Anonymous,09/22,78,0,Philippines,Is the peso strong because the dollar is weak na ba?????,"Text,Quote",07/12/2022 22:34,Emotional,1,0,0,0,https://twitter.com/PhilstarNews/status/1600415913941307392
5,"peso, dollar, sandro",Identified,04/10,157,84,Philippines,“the peso is not weak because the peso is weak. The peso is weak because the dollar is strong.” - SANDRO,"Text,Quote",06/12/2022 21:09,Rational,0,0,0,0,https://twitter.com/cnnphilippines/status/1599933393495416832
6,"peso, weak, dollar, strong",Anonymous,05/13,198,27503,Unidentified,"the philippines: economic crisis
the concerts: the peso isn't weak because the peso is weak. the peso is weak because the dollar is strong",Text,03/12/2022 19:08,Rational,143,5,43,9,None
7,"peso, dollar, sandro",Identified,04/20,107,800,Unidentified,"Peso rises vs Dollar. But why? Is it bcoz PHP got stronger? No. USD falls due to dovish Fed outlook. So PHP can look strong when USD weakens. Consequently, PHP can look weak when USD strengtens: The Peso is weak not bcoz it's weak, but bcoz the Dollar is strong. Sandro was right. https://t.co/8JIjU6aYzB","Text,Image",02/12/2022 17:58,Rational,91,5,16,2,None
8,"peso, weak, dollar, strong",Anonymous,09/22,42,42,Unidentified,the peso is weak because the dollar is strong,Text,28/11/2022 23:55,Rational,0,0,0,0,None
9,"peso, weak, dollar, strong",Anonymous,09/21,268,1288,Unidentified,the peso is weak not because its weak but because the dollar is strong!!,Text,12/11/2022 23:42,Rational,15,2,0,0,None
10,"peso, weak, dollar, strong",Anonymous,09/19,432,1035,Unidentified,“the peso is weak because the dollar is strong” ??,"Text,Quote",09/11/2022 13:26,Emotional,7,1,0,0,https://twitter.com/polalovesiu888/status/1590212349423943680
11,"peso, weak, dollar, strong",Anonymous,05/19,466,410,Unidentified,"its giving ""the peso is not weak because the peso is not weak, the peso is weak because the dollar is strong"" pt.2","Text,Quote",05/11/2022 23:06,Rational,16,1,0,0,https://twitter.com/iMPACTPH2019/status/1588793323464294400
12,"peso, weak, dollar, strong",Anonymous,01/21,114,65,Unidentified,"The peso is weak because the dollar is strong

F","Text,Quote",05/11/2022 2:16,Emotional,0,0,0,0,https://twitter.com/gmanews/status/1588336311752331265
13,"peso, weak, dollar, strong",Anonymous,09/21,349,754,Unidentified,Peso is weak not bec it's weak. Peso is weak bec dollar is strong ????????,"Text,Quote",03/11/2022 16:57,Emotional,0,0,0,0,https://twitter.com/PhilippineStar/status/1588063740486115328
14,"peso, weak, dollar, strong",Identified,07/09,413,170,Unidentified,hindi nga daw weak ung peso! strong nga lang daw ung dollar! kulet nyo powz ??,"Text,Quote",03/11/2022 16:00,Emotional,2,0,0,0,https://twitter.com/PhilippineStar/status/1588063740486115328
15,"peso, weak, dollar, strong",Anonymous,12/13,1338,2863,Philippines,The peso is weak not because the peso is weak . It is because the dollar is strong.. ??????????,"Text,Quote",03/11/2022 15:35,Emotional,0,0,0,0,https://twitter.com/cnnphilippines/status/1588063808441810944
16,"peso, weak, dollar, strong",Identified,10/12,362,254,Unidentified,"Baguhin dapat nila wording:

FROM ""due to the weakening of the peso""
TO ""due to the strengthening of the dollar""

Kasi diba the peso is weak because the dollar is strong? Hahahahaha","Text,Quote",03/11/2022 15:08,"Rational, Emotional",1,0,0,0,https://twitter.com/cnnphilippines/status/1588063808441810944
17,"peso, weak, dollar, strong",Anonymous,03/22,62,9,Unidentified,me when the peso is not weak because peso is weak peso is weak because dollar is strong,"Text,Quote",01/11/2022 21:44,Rational,0,0,0,0,https://twitter.com/dontstartswift/status/1587421653688000515
18,"peso, weak, dollar, strong",Anonymous,02/21,146,7,Unidentified,Grabe nanaman kayo ang sasama niyo alam niyo namang The peso in not weak because the dollar is strong The dollar is strong because the peso is weak,"Text,Quote",31/10/2022 21:49,Emotional,0,0,0,0,https://twitter.com/_mo4d_/status/1586641067256205312
19,"peso, weak, dollar, strong",Anonymous,07/18,435,590,Unidentified,the peso is not weak because the peso is weak. the peso is weak because the dollar is strong,"Text,Quote",31/10/2022 18:03,Rational,1,0,0,0,https://twitter.com/markgeronimo_/status/1586974879072428032
20,"peso, weak, dollar, strong",Anonymous,04/21,759,117,Unidentified,"More like wala na kasing natural gas sa Malampaya at kailangan na nating umangkat. Yun lang the peso is weak because the dollar is strong.

Energy crisis is imminent.","Text,Quote",30/10/2022 17:40,Rational,0,0,0,0,https://twitter.com/heartofemmaus/status/1581670046790606848
21,"peso, weak, dollar, strong",Anonymous,08/22,985,810,Unidentified,"#NewProfilePic the peso is not weak because the peso is weak 

The peso is weak because the dollar is strong https://t.co/CllX7I6lbQ","Text,Image",30/10/2022 12:34,Rational,3,0,0,1,None
22,"peso, weak, dollar, strong",Anonymous,05/12,472,20,Philippines,The Peso is not weak because the dollar is strong. The President is not weak because the typhoon is strong. ??????,"Text,Quote",30/10/2022 11:32,Emotional,0,0,0,0,https://twitter.com/inquirerdotnet/status/1586281728968380416
23,"peso, weak, dollar, strong",Anonymous,12/21,151,177,Unidentified,The peso js not weak because the peso is weak the peso is weak because the dollar is strong,Text,27/10/2022 15:52,Rational,1,0,1,0,None
24,"peso, weak, dollar, strong",Anonymous,07/22,50,45,Unidentified,"bru all i know for gen info is that the peso is not weak because the peso is weak, the peso is weak because the dollar is strong",Text,27/10/2022 5:08,Rational,4,0,0,0,None
25,"peso, weak, dollar, strong",Anonymous,09/20,291,53,Unidentified,"the peso isnt weak because the peso is weak, the peso is weak because the dollar is strong","Text,Quote",25/10/2022 0:04,Rational,0,0,0,0,https://twitter.com/Suno0o0o0o/status/1584479683848335360
26,"peso, weak, dollar, strong",Anonymous,09/22,337,109,Unidentified,"FPLBM: Our economy is strong. It's the other nations' economies that are weak that affected ours.

Sandra: The Peso is not weak because it is weak. The Peso is weak because the US Dollar is strong.

Babaeng Ahas: Ang galing ng mag-ama ko.

Creative Scriptwriter: Beli gud.","Text,Quote",24/10/2022 11:44,Rational,0,0,0,0,https://twitter.com/News5PH/status/1584111910714150912
27,"peso, weak, dollar, strong",Media,04/09,377,51808,Philippines,The peso is weak because the dollar is strong.,"Text,Quote",24/10/2022 10:10,Rational,3,1,0,0,https://twitter.com/prinzmagtulis/status/1584364590225231872
28,"peso, weak, dollar, strong",Anonymous,08/20,55,35,Unidentified,hi @.gaon at @.hyunjin chat naman kayo sakin sayang 428 php ko alam niyo namang the peso is not weak because the peso is weak. the peso is weak because the dollar is strong */nagtampo,Text,22/10/2022 23:29,Emotional,1,0,0,0,None
29,"peso, weak, dollar, strong",Anonymous,11/21,475,582,Unidentified,"sa letrang t

the peso is weak not because the peso is weak. The peso is weak because the dollar is strong.",Text,22/10/2022 22:12,Rational,2,0,0,0,None
30,"peso, weak, dollar, strong",Anonymous,06/18,40,305,Unidentified,"its giving me peso is weak because the dollar is strong ??
#MissQandAQueenfinityWar",Text,22/10/2022 13:53,Emotional,0,1,0,0,None
31,"peso, weak, dollar, strong",Anonymous,12/20,1178,1357,Philippines,the peso is weak because the dollar is strong,Text,21/10/2022 8:36,Rational,0,0,0,0,None
32,"peso, weak, dollar, strong",Identified,10/20,48,59,Unidentified,the peso is not weak because the peso is weak. the peso is weak because the dollar is strong,Text,20/10/2022 22:30,Rational,0,1,0,0,None
33,"peso, weak, dollar, strong",Anonymous,06/11,2319,2718,Unidentified,"The peso is weak because the dollar is strong” https://t.co/rXpDfsCIuw
it's not that the peso is weak. it's just that the dollar is strong https://t.co/UaAs1W29tL
the ?? peso ?? is ?? not ?? weak ?? because ?? the ?? peso ?? is ?? weak ?? the ?? peso ?? is ?? weak ?? because ?? the ??? dollar ?? is ?? strong ??
HAPPENING NOW: “The peso is not weak because the peso is weak. The peso is weak because the dollar is strong.” https://t.co/TvNmhXMN7Z
peso is not weak because peso is weak, peso is weak because the dollar is strong""","Text,Image",20/10/2022 21:16,Rational,8,1,0,0,None
34,"peso, weak, dollar, strong",Anonymous,04/21,1290,1374,Unidentified,The PESO is not WEAK because PESO is WEAK. The PESO is WEAK because DOLLAR is STRONG.,"Text,Image",20/10/2022 15:55,Rational,9,1,0,0,None
35,"peso, weak, dollar, strong",Anonymous,10/22,743,778,Unidentified,"Ban K-stuff? Another story of the Peso is weak because the Dollar is strong. Same vibes. Sa halip na ayusin ang sarili, pupunahin ang pag-angat ng iba. Classic crab mentality.",Text,20/10/2022 15:00,Emotional,2,1,0,0,None
36,"peso, weak, dollar, strong",Anonymous,09/22,229,81,Unidentified,might have to update mah comm prices in the near future bc the peso is not weak because the peso is weak. the peso is weak becuase the dollar is strong ????????????????????,"Text,Image",20/10/2022 12:43,Rational,14,0,0,0,None
37,"peso, weak, dollar, strong",Anonymous,10/21,1081,4127,Unidentified,"And while the peso is weak bc the dollar is strong, most of the goods are also getting strongly unaffordable. Remember pancit canton when it was just Php6.00? Busog ka na sa Php20 mo noon. Ngayon kahit yung isang basong coke Php50+ na, eh 25 lang yung litro dati eh. Hays",Text,20/10/2022 1:04,Rational,3,0,1,0,None
38,"peso, weak, dollar, strong",Identified,08/17,351,740,Philippines,what do you mean by we? dont you know that the peso is not weak because the peso is weak. the peso is weak because the dollar is strong. dont we-we us,Text,19/10/2022 23:04,Rational,0,0,0,0,None
39,"peso, weak, dollar, strong",Anonymous,06/10,234,152,Philippines,"There is a saying, na di maintindihan ng nga Pinklawan; ""the peso is weak, not because it is weak. It is weak because the dollar is strong."" Tara mag Japan na tayo. https://t.co/PUGwfEhhjd",Text,19/10/2022 13:53,"Rational, Emotional",3,0,0,0,None
40,"peso, weak, dollar, strong",Anonymous,10/17,724,697,Unidentified,The peso is weak not because the peso is weak. The peso is weak because the dollar is strong https://t.co/gJzOQzIykv,Text,19/10/2022 11:05,Emotional,3,0,0,0,None
41,"peso, weak, dollar, strong",Identified,11/09,183,90910,Philippines,nasa ?3k yung the link+ sa beyond live ?? laurd gusto ko lang naman sumaya pero the peso is not weak bcos it's weak. the peso is weak bcos the dollar is strong (bwakanang pinoy nga pala ako) ??,Text,18/10/2022 21:59,Emotional,32,0,1,0,None
42,"peso, weak, dollar, strong",Anonymous,10/21,1113,391,Unidentified,The peso is not weak because the peso is weak. The peso is weak because the dollar is strong. https://t.co/uKWWRQiRJW,Text,18/10/2022 19:03,Emotional,0,0,0,0,None
43,"peso, weak, dollar, strong",Anonymous,10/09,873,808,Unidentified,???????????? Sunog! ??The peso is weak because the dollar is strong.,"Text,Image",18/10/2022 8:30,Emotional,9,1,3,1,None
44,"peso, weak, dollar, strong",Anonymous,12/21,210,169,Unidentified,the peso ?? is weak ?? because the ?? peso is not ?? weak ??. the peso is weak because the dollar ?? is strong ??,"Text,Image",17/10/2022 20:51,Rational,1,2,0,0,None
45,"peso, weak, dollar, strong",Anonymous,03/22,66,15,Unidentified,"Guys always remember na the peso is not weak bcuz the peso weak, the peso is week bcuz the dollar is strong ??",Text,17/10/2022 20:23,Emotional,0,0,0,0,None
46,"peso, weak, dollar, strong",Anonymous,04/14,336,485,Unidentified,"Ma, ang daming afam ngayon sa MOA. As in. Feeling ko nandito na ang mag-aahon sa pamilya ko sa laylayan ng lipunan.

Pero mas ramdam kong kaya sila dagsa dito dahil alam nilang the peso is weak because the dollar is strong. Eme ??","Text,Image,Quote",17/10/2022 19:13,Rational,0,0,0,0,https://twitter.com/JYPETWICE/status/1581887735631155200
47,"peso, weak, dollar, strong",Anonymous,05/20,109,91,Unidentified,"Gone in a snap:' OFW families bear brunt of weak peso

https://t.co/lVR10TXlXb

""The peso is not weak, because the peso is weak. The peso is weak because the dollar is strong."" - Sandro Marcos, Dev't Studies graduate from the London School of Economics

https://t.co/NF8p7pxjWX -",Text,17/10/2022 10:31,Emotional,0,0,0,0,None
48,"peso, weak, dollar, strong",Anonymous,12/21,130,73,Unidentified,"Sandro Marcos got it right. The way he said is just kinda funny, but still right

The Peso is weak not because the Peso is weak but because the Dollar is strong

Peso is actually holding up well vs the other major currencies like Euro Yen etc https://t.co/h13sRydhYV",Text,16/10/2022 22:03,Emotional,0,0,0,0,None
49,"peso, weak, dollar, strong",Anonymous,09/21,1472,1096,Unidentified,‘The peso is weak because  the dollar is strong’ https://t.co/rGFFFT9Hi3,Text,16/10/2022 15:01,Emotional,5,7,0,0,None
50,"peso, weak, dollar, strong",Identified,01/10,200,106,Unidentified,the peso is weak because the dollar is strong ??,Text,16/10/2022 12:41,Emotional,0,0,0,0,None
51,"peso, dollar, sandro",Identified,02/13,73,26,Unidentified,"The peso is not weak because the peso is weak, the peso is weak because the dollar is strong","Text,URL",16/10/2022 12:09,Rational,0,0,0,0,None
52,"peso, dollar, sandro",Anonymous,07/13,1095,43878,Unidentified,The peso is weak because the dollar is strong. ????,"Text,Image",16/10/2022 7:43,Rational,48,4,15,0,None
53,"peso, weak, dollar, strong",Identified,09/22,1,2,Unidentified,"the peso is not weak bcs the peso is weak, the peso is weak bcs the dollar is strong","Text,URL",15/10/2022 22:29,Rational,0,0,0,0,None
54,"peso, weak, dollar, strong",Anonymous,03/22,72,71,Unidentified,the peso is not weak because the peso is weak. the peso is weak because the dollar is strong.,Text,15/10/2022 19:49,Emotional,3,0,0,0,None
55,"peso, weak, dollar, strong",Identified,12/16,73,25,Unidentified,the peso is not weak because the peso is weak the peso is weak because the dollar is strong,Text,15/10/2022 19:24,Rational,0,0,0,0,None
56,"peso, weak, dollar, strong",Anonymous,11/21,60,23,Unidentified,"The peso is not weak because the peso is weak, the peso is weak because the dollar is strong amputa HAHAHAHAHAHAHA Lt Gago sana naging comedian ka nlng po nakaka entertain ka masyado yung utak niyo kasi kajolen lang eh charot HAHAHAHAHAHA LT NIYO SIR SANDRO LABYU LODI ????????",Text,15/10/2022 11:37,Rational,0,1,0,0,None
57,"peso, weak, dollar, strong",Anonymous,10/22,0,0,Unidentified,the peso is not weak bc the peso is weak the peso is weak bc the dollar is strong,Text,15/10/2022 1:01,Rational,0,0,0,0,None
58,"peso, weak, dollar, strong",Anonymous,09/22,126,202,Unidentified,The peso is weak because the dollar is strong.,Text,15/10/2022 1:00,Rational,0,0,0,0,None
59,"peso, weak, dollar, strong",Anonymous,06/20,1453,1152,Philippines,“the peso is not weak because the peso is weak. the peso is weak because the dollar is strong.” ano daw????,Text,15/10/2022 0:28,Rational,1,0,0,0,None
60,"peso, dollar, sandro",Anonymous,05/20,259,190,Philippines,saulo ko na yung the peso is not weak because the peso is weak the peso is weak because the dollar is strong,Text,14/10/2022 23:52,Emotional,0,0,0,0,None
61,"peso, weak, dollar, strong",Anonymous,05/20,607,150,Unidentified,The peso is not weak bc the peso is weak the peso is weak bc the dollar is strong,Text,14/10/2022 22:27,Rational,1,0,0,0,None
62,"peso, weak, dollar, strong",Anonymous,10/17,670,72,Philippines,"nyenyenye magalit man kayo sakin the peso is not weak bc the peso is weak, the peso is weak bc the dollar is strong!","Text,Quote",14/10/2022 20:43,Rational,0,0,0,0,https://twitter.com/rowena_guanzon/status/1580727954891767808
63,"peso, weak, dollar, strong",Anonymous,02/21,227,235,Philippines,peso is weak bc dollar is strong,Text,14/10/2022 19:25,Emotional,0,1,0,0,None
64,"peso, weak, dollar, strong",Anonymous,12/21,1199,1306,Unidentified,"Wait, is this about the Peso Weak/Dollar Strong? Also questioning his achievements, when in fact the Peso Weak/Dollar Strong statement was actually right too? You can't hate on something right, that's idiotic. Please explain what the tweet was talking about.",Text,14/10/2022 19:03,Rational,0,0,0,0,None
65,"peso, weak, dollar, strong",Anonymous,06/22,683,739,Unidentified,"We all know that the dollar is strong  and peso is weak. But are they doing anything to atleast combat the effects of the weakness of peso?

Yes we can't control such but we can control our own. All we want to see is for the gov to support the domestic economy.",Text,14/10/2022 18:59,Rational,3,2,0,1,None
66,"peso, weak, dollar, strong",Anonymous,09/17,3761,3842,Unidentified,"Tell me the peso is weak without telling me the peso is weak.

Answer: The dollar is strong.",Text,14/10/2022 14:08,Emotional,2,0,0,0,None
67,"peso, weak, dollar, strong",Anonymous,07/19,176,470,Unidentified,"Peso is not weak
Because peso is weak
The peso is weak because
The dollar is strong
- cong. Sandro Marcos","Text,Quote",14/10/2022 13:41,Rational,1,0,0,0,https://twitter.com/LucasImperial5/status/1580355832872828928
68,"peso, weak, dollar, strong",Anonymous,04/22,31,0,Unidentified,bakit naman ganyan Senator. the peso is not weak. the peso is weak because the dollar is strong. ganun yun,"Text,Quote",14/10/2022 7:03,"Transactional, Emotional",0,0,0,0,https://twitter.com/MiaMagdalena/status/1580328809173504000
69,"peso, weak, dollar, strong",Anonymous,05/12,597,326,Unidentified,No! The peso is too weak because the dollar is too strong. ??,Text,13/10/2022 22:11,"Rational, Transactional",0,0,0,0,None
70,"peso, weak, dollar, strong",Anonymous,05/13,600,400,Unidentified,"the peso is not weak because the peso is weak, its because the dollar is strong ?????? https://t.co/KLAQPZdyuD",Text,13/10/2022 21:09,Rational,1,0,0,0,None
71,"peso, weak, dollar, strong",Identified,10/21,133,10,Philippines,Hindi weak ang peso ah. Strong lang ang dollar. Tandaan nyo yan ??,Text,13/10/2022 20:50,Rational,1,0,0,0,None
72,"peso, weak, dollar, strong",Anonymous,07/22,126,98,Unidentified,"Peso is weak because the dollar is strong, and dollar is strong because it's one of the safest currency in the world. So, here I am putting some savings in USDT (Tether) Stablecoin. Because I won't let my hard-earned money be beaten by this worldwide inflation. #Cryptocurency","Text,Quote",13/10/2022 19:26,Rational,1,0,0,0,https://twitter.com/iampinglacson/status/1580411454070886400
73,"peso, weak, dollar, strong",Identified,07/09,161,173,Philippines,I would like to make one thing clear... the peso is not weak because the peso is weak. The peso is weak because the dollar is strong,"Text,Quote",13/10/2022 18:08,Emotional,0,0,0,0,https://twitter.com/bookpoets/status/1580463648417361921
74,"peso, weak, dollar, strong",Anonymous,07/20,224,22,Unidentified,The peso is not weak because the peso is weak. The peso is weak because the dollar is strong.,"Text,Image",13/10/2022 18:04,Emotional,3,1,0,0,None
75,"peso, weak, dollar, strong",Anonymous,10/09,861,1095,Unidentified,The peso is not weak because the peso is weak the peso is weak because the dollar is strong so simple dami kasing ebas,"Text,Quote",13/10/2022 17:32,Emotional,0,0,0,0,https://twitter.com/ABSCBNNews/status/1580491029572190210
76,"peso, weak, dollar, strong",Anonymous,08/21,116,50,Unidentified,teacher pa naman kayo sa ecom tapos kayo pa yung di naka gets ng the peso is weak bcoz the dollar is strong. ano pa nga ba tatanda na kayo sa prvt school,Text,13/10/2022 17:21,Rational,0,0,0,0,None
77,"peso, weak, dollar, strong",Anonymous,02/21,277,814,Unidentified,Sandro tama sa totoo.lng the peso is weak because the.dollor is strong ...kse nga di na kasalanan ng gobyerno un america rin kse nagpapataas nian para bumagsak.ang piso sino ba makikinabang ng pagtass ng dollar eh di ung mga nagaabroad ...saya nga nila kase nga mataas palitan ..,"Text,Quote",13/10/2022 17:09,Rational,2,1,0,0,https://twitter.com/khjholdings/status/1580484704968769537
78,"peso, weak, dollar, strong",Identified,09/09,270,636,Philippines,"The peso is not weak because the peso is weak, the peso is weak because the dollar is strong","Text,Quote",13/10/2022 16:29,Rational,1,0,0,0,https://twitter.com/ABSCBNNews/status/1580470462077104129
79,"peso, weak, dollar, strong",Anonymous,08/21,71,42,Unidentified,"I saw some people making fun of this statement, but what he said made sense. The peso is not weak because the peso is weak. The peso is weak because the dollar is strong! Pound to peso is still pretty much the same. It’s not weak, the dollar is just strong. 

Hang tough Sandro! https://t.co/PHcCRlMCEu",Text,13/10/2022 9:29,Rational,0,0,0,0,None
80,"peso, weak, dollar, strong",Anonymous,10/18,223,205,Philippines,"the peso is not weak because the peso is weak, the peso is weak because the dollar is strong",Text,13/10/2022 7:28,Emotional,0,0,0,0,None
81,"peso, weak, dollar, strong",Anonymous,10/22,483,58,Unidentified,I don't understand bakit ginagawang joke yung statement ni sandro na “Peso is weak because dollar is strong” ??? Is there something wrong with the fact he stated????,Text,13/10/2022 4:57,Rational,0,0,0,0,None
82,"peso, weak, dollar, strong",Anonymous,01/15,578,465,Unidentified,I would like to make one thing clear...the peso is not weak because the peso is weak. The peso is weak because the dollar is strong. ?????????,"Text,Quote",13/10/2022 2:09,Rational,0,0,0,0,https://twitter.com/naayrhh/status/1579823328050958336
83,"peso, weak, dollar, strong",Anonymous,07/20,306,389,Philippines,"Sandro is not wrong, because he is wrong. Sandro is wrong because your brains are f*cked up &amp; don't understand simple english, math, &amp; econ.
For the stupid f*ckers out there, eat the data below!
The peso is not weak,coz the peso is weak. The peso is weak coz the dollar is strong. https://t.co/NUkjeku86E","Text,Image",13/10/2022 0:35,Rational,0,0,0,1,None
84,"peso, weak, dollar, strong",Anonymous,05/19,121,39,Philippines,"The peso is not weak because the peso is weak, the peso is weak because the dollar is strong","Text,Quote",13/10/2022 0:07,Rational,0,0,0,0,https://twitter.com/JoaquinRedReyes/status/1580112771760283648
85,"peso, weak, dollar, strong",Anonymous,08/21,520,200,Philippines,"""The peso is not weak because the peso is weak. The peso is weak because the dollar is strong.""

Sobrang linaw pero hirap na hirap yung mga may indoctrinated braincell ni joma intindihin sinabi ni sandro.",Text,12/10/2022 21:58,Emotional,1,0,0,0,None
86,"peso, weak, dollar, strong",Anonymous,05/16,145,125,Unidentified,"I think nothing is wrong sa statement ni Sandro boy sa peso-dollar shit. Thing is, people in the opposition loves to romanticize trivial things to put someone in a bad light. In fact, mas ulaw pa ang UNSLEFLESS gani, in all aspects of interpretation",Text,12/10/2022 20:36,"Rational, Emotional",2,1,0,0,None
87,"peso, weak, dollar, strong",Anonymous,02/22,2629,3018,Unidentified,"yung mga totoong economista sang-ayon sa sinabi ni Sandro abt the peso vs dollar, pero yung mga feeling economista daming kuda hindi naman pala gets yung pinopoint out ng Congressman. Mag shut up nalang lage jud beh.","Text,Image",12/10/2022 14:57,"Rational, Emotional",137,15,30,4,None
88,"peso, weak, dollar, strong",Identified,10/19,224,296,Unidentified,"Tama si Sandro, kung yung Indian Rupee nga eh 82 compared to US dollar  samantalang dati halos pantay lang yung value sa Phil. Peso.  Yun ang ibig sabihin ni Sandro, strong lang talaga ang US dollar.  Di lang magets ng iba o sadyang nagtatangatangahan, para makapanira lang.",Text,12/10/2022 12:50,Rational,13,0,0,1,None
89,"peso, weak, dollar, strong",Anonymous,07/21,61,114,Philippines,"Cong. Sandro's comment about Peso VS Dollar made sense- but seems a lot of people did not get it. Either that, or they didn't listen to the explanation and just read the ""headline"".",Text,11/10/2022 17:36,"Rational, Emotional",25,3,3,0,None
90,"peso, dollar, sandro",Anonymous,12/09,195,233,Philippines,"i don't like marcoses but what sandro said abt peso and dollar is true, kaya di ko magets yung reactions ??",Text,12/10/2022 19:17,Emotional,2,2,0,0,None
91,"peso, dollar, sandro",Anonymous,12/20,560,460,Unidentified,"Para sa mga lutang na walang humpay mag kritiko!

Yung iba kasi mga lutang di nila naintindihan sinasabi ni Sandro haist kaming mga ofw naintindihan nmin ibig sabihin nun 
Hindi talaga mahina ang peso
Mahina ang peso dahil nag taas ng halaga ng interest ang dollar!
Gets??? https://t.co/tjGJaL5ZUF",Text,12/10/2022 17:43,Emotional,0,0,0,0,None
92,"peso, dollar, sandro",Anonymous,02/22,462,387,Philippines,the peso ??? is weak ?? because ?? the dollar ?? is strong ??,Text,12/10/2022 16:36,"Rational, Emotional",4,0,0,0,None
93,"peso, dollar, sandro",Identified,05/20,310,272,Unidentified,"Sandro: The peso is weak because the dollar is strong.

Economists &amp; Entrepreneurs: He's right.

Meanwhile..

Mga proud professors, Lawyers, PhD, MD:
*ginawan ng meme at joke yung sinabi ni sandro imbis i-analyze*

Ganito na ba mga ""professional"" ngayon? https://t.co/NJ4RwuXTfd",Text,12/10/2022 12:54,Rational,1,0,0,0,None
94,"peso, dollar, sandro",Identified,11/12,301,491,Philippines,"Memes satirize Sandro Marcos saying ‘peso is weak because dollar is strong’, but was he wrong? https://t.co/fllGXzmsiL https://t.co/IVFOxNw5KR",Text,12/10/2022 11:42,Emotional,0,0,0,0,None
95,"peso, dollar, sandro",Identified,05/22,159,101,Unidentified,The peso is not weak because the peso is weak the peso is weak because the dollar is strong,"Text,Image",12/10/2022 11:13,Emotional,1,0,0,0,None
96,"peso, weak, dollar, strong",Anonymous,07/18,479,215,Unidentified,The peso is weak because the dollar is strong https://t.co/ZLG8wSSkKE,Text,10/12/2022 10:25,Emotional,1,0,0,0,None
97,"peso, weak, dollar, strong",Anonymous,07/21,61,114,Philippines,"Malinaw naman pagkaka explain Doon ni Sandro pero Ewan ko ba bakit parang nka stick Lang sila dun sa peso is weak, not because pesos is weak
Pesos is weak because usd is strong.. Bat nga ba hirap sila unawain na malakas ang dollar kontra sa lahat NG currency sa buong mundo ??","Text,Image",10/12/2022 10:16,Rational,0,1,0,0,None
98,"peso, weak, dollar, strong",Media,03/13,62,2921,Philippines,"Trend ngayon yung pagsabi ni Sandro ng 'The peso is weak because the dollar is strong', unang panood ko dun, nagets ko kasi pinanood ko yung explanation nya. Hindi naman ako ekonomista, pero yung points nya nagmemake sense naman, lah, paulit-ulit den naman sinasabi nya dba?","Text,URL",10/12/2022 10:01,Transactional,0,0,0,0,None
99,"peso, weak, dollar, strong",Anonymous,08/16,2493,1725,Unidentified,People bashing Sandro Marcos for saying that peso is not really weak dollar is strong are people who lack comprehension or education on economics. Villar’s statement is an explanation for the dimwits. https://t.co/k46usK07G7,"Text,Quote",10/12/2022 9:49,Rational,0,0,0,0,https://twitter.com/taksped/status/1580133241130201088
100,"peso, weak, dollar, strong",Anonymous,01/18,1714,13645,Philippines,"There is nothing wrong sa “pesos-is-weak-the-dollar-is-strong” statement ni Congressman Sandro, ang mas cringe and downright embarrasing is yung paggamit ni LENLEN ng #unselfless with conviction. ????

Go to FB post 
?? https://t.co/tULkzkzFrm","Text,Image",10/12/2022 7:09,Rational,46,2,7,0,None
101,"peso, weak, dollar, strong",Anonymous,3/14,836,507,Philippines,"The Peso (?) is weak not because it is weak. The Peso is weak because the Dollar ($) is strong.

@sandromarcos7 is right - just look at how Philippine Peso fare well with other currencies.

Don't be like Kakampwets — 'unselfless' lang kase naiintindihan nila. https://t.co/px5qZHFDdv","Text,Quote",10/12/2022 21:57,Emotional,0,0,0,0,https://twitter.com/jmy_perez/status/1579905723680817152
102,"peso, weak, dollar, strong",Anonymous,7/19,180,111,Philippines,A peso is not weak because the peso is weak. A peso is weak because the dollar is strong.,Text,10/12/2022 21:56,Rational,0,1,0,0,None
103,"peso, weak, dollar, strong",Anonymous,3/20,116,4982,Unidentified,"The peso is not weak, because the peso is weak. The peso is weak because the dollar is strong.","Text,Image",10/12/2022 12:25,Rational,45,6,9,3,None
104,"peso, weak, dollar, strong",Anonymous,5/22,302,1691,Philippines,The Peso is not weak because the Peso is weak. The Peso is weak because the Dollar is strong. Gets naman sya kay sa don sa isa na pauso ng word na UNSELFLESS like WTF.,"Text,URL",10/12/2022 10:28,"Rational,Emotional",0,0,0,0,None
105,"peso, weak, dollar, strong",Anonymous,9/8,389,1917,Unidentified,"Forex101 para sa mga bida:
Pag mataas ang dollar (since it’s a safe haven for investors), high yield currencies such as aud, eur, cad, gbp, etc will be low. In short, the peso is not weak bec the peso is weak. The peso is weak bec the dollar is strong ?? https://t.co/MHYgByESiS","Text,Image",10/12/2022 9:57,Rational,16,2,10,0,None
106,"peso, weak, dollar, strong",Anonymous,7/20,1934,739,Unidentified,Sandro Marcos says peso is weak not because it’s weak: Dollar is just strong now https://t.co/cFPzaZSJRb,"Text,Quote",10/12/2022 9:54,Rational,1,0,0,0,https://twitter.com/lancedevanadera/status/1579825802350571522
107,"peso, weak, dollar, strong",Anonymous,9/21,1057,730,Unidentified,"Ano kaya mali sa sinabi ni Sandro na ‘The peso is not weak because the peso is weak. The peso is weak because the dollar is strong.” Eh may explanation naman si Sandro, hetong mga kakampoque na mga to, ayaw sa spliced pero ayaw rin manuod or magbasa ng buo. Tatanga nyo.",Text,10/12/2022 9:17,Rational,20,0,0,0,None
108,"peso, weak, dollar, strong",Identified,3/14,335,28,Unidentified,"Funny how critics laugh about what sir Cong. Sandro said, see he's just saying that our money(the peso) is not weak 'coz it's weak, it's just that dollar became strong bec. the US dictates it, but come to think of it, Dollar is a ""Fiat Money"" why? Bec. They don't have gold ???? https://t.co/TSH4RXtZfy",Text,10/12/2022 9:13,Rational,0,0,0,0,None
109,"peso, weak, dollar, strong",Identified,9/6,202,333,International,the peso is not weak because the peso is weak the peso is weak because the dollar is strong,"Text,Image",10/12/2022 9:10,Emotional,4,0,0,0,None
110,"peso, weak, dollar, strong",Anonymous,10/8,8,2,Unidentified,Mga wa kasabot nalibog kay Sandro. But he’s right. The Ph Peso is weak because the US dollar is strong.,"Text,URL",10/12/2022 8:32,Rational,0,0,0,0,None
111,"peso, weak, dollar, strong",Identified,11/20,927,857,International,"Sandro Marcos says peso is weak not because it’s weak: Dollar is just strong now https://t.co/uh0XfGs8iv

Sandro is not weak because his dad is weak.",Text,10/12/2022 8:18,Emotional,1,0,0,0,None
112,"peso, weak, dollar, strong",Anonymous,7/20,1046,1245,Philippines,"Sandro makes sense, kinda, peso is actually weak but to an extent since the dollar is getting strong due to the Federal Reserve Policy.

So yes peso is weak daw but not that weak is what he is saying.","Text,Image",10/12/2022 8:07,Rational,7,2,0,1,None
113,"peso, weak, dollar, strong",Anonymous,8/17,92,516,Unidentified,"The peso is not weak because the peso is weak, the peso is weak because the dollar is strong and I am strong when I am on your shoulder, you raise me up to more than I can be.",Text,10/12/2022 7:44,Rational,1,0,0,0,None
114,"peso, dollar, sandro",Anonymous,9/6,250,270,Unidentified,THE PESO IS WEAK BECAUSE THE DOLLAR IS STRONG &gt;&gt;&gt; PEOPLE DIE IF THEY ARE KILLED,Text,10/12/2022 6:57,Rational,1,0,0,0,None
115,"peso, dollar, sandro",Anonymous,5/16,3408,17723,Unidentified,I would like to make one thing clear. The peso is weak because the dollar is strong! Tapos makikita mo presidente nagliliwaliw sa Singapore kasama ng anak nya at mga barkada nito. Mag trabaho ka naman! Wag puro pasarap!,"Text,URL",10/12/2022 6:04,Rational,28,9,3,1,None
116,"peso, dollar, sandro",Anonymous,4/15,1138,538,Unidentified,Ito po ang resulta ng wala ka ng mabibilhan na makakapagbigay ng saya katulad ng Jabee kaso nagmahal na siya kasi nga The peso ?? is not weak ??????? because the peso ?? is weak??. The peso ?? is weak ???? because the dollar ???? is strong ????.,Text,10/12/2022 4:28,Rational,3,1,0,0,None
117,"peso, weak, dollar, strong",Anonymous,3/14,442,268,Unidentified,The peso is not weak because the peso is weak. The peso is weak because the dollar is strong. https://t.co/2kOkDiU0AQ,Text,10/12/2022 4:13,Emotional,10,0,1,2,None
118,"peso, weak, dollar, strong",Anonymous,8/20,123,143,Unidentified,1st District Representative of Ilocos Norte Sandro Marcos spoke out about the peso dollar rate. 'Peso is not weak because peso is weak'. 'The Peso is weak because the dollar is strong'. https://t.co/jeXk9EVxm8,Text,10/12/2022 2:55,Emotional,0,0,0,0,None
119,"peso, weak, dollar, strong",Anonymous,9/11,432,443,Unidentified,the peso is the weak. the dollar is the strong. ??,Text,10/12/2022 2:25,Emotional,75,0,21,0,None
120,"peso, weak, dollar, strong",Anonymous,8/21,1605,1043,Unidentified,"#ICYMI: ""The peso is not weak, because the peso is weak. The peso is weak because the dollar is strong,"" Marcos said. https://t.co/yx8Dhz4kbx","Text,Quote",10/12/2022 2:04,Emotional,0,0,0,0,https://twitter.com/AltStarMagic/status/1579736320091774976
121,"peso, weak, dollar, strong",Anonymous,9/20,989,2756,Unidentified,"BBM: We have no territorial conflict with China. What we have is China claiming territory that belongs to the Philippines.

Sandro: The peso is not weak because the peso is weak. The peso is weak because the dollar is strong.

Imee: Never seen GOLD!

Imelda: We have 7000 tons!","Text,Image",10/12/2022 1:47,"Rational,Emotional",1,0,0,0,None
122,"peso, dollar, sandro",Media,8/22,76,101,Unidentified,the peso is not weak because the peso is weak the peso is weak because the dollar is strong,"Text,Video",10/12/2022 1:33,Rational,36,3,15,7,None
123,"peso, weak, dollar, strong",Anonymous,6/20,124,17,Unidentified,"peso not weak, dollar is strong ????????????",Text,10/12/2022 1:04,"Rational,Emotional",0,0,0,0,None
124,"peso, weak, dollar, strong",Media,8/7,1810,3731332,Philippines,The peso is not weak because the peso is weak. The peso is weak because the dollar is strong. https://t.co/1nF6PhgCXw,"Text,URL",10/12/2022 1:00,Rational,64,62,13,22,None
125,"peso, dollar, sandro",Identified,9/4,765,2582,Philippines,"not gonna lie tho.. if you read the whole article, may point ata si s4ndro sa ""peso is weak because the dollar is strong"" statement niya",Text,10/12/2022 0:53,Emotional,11,0,0,0,None
126,"peso, weak, dollar, strong",Anonymous,4/22,586,609,Unidentified,The peso is weak because the dollar is strong statement ni Sandro that the eedyots picked up without listening to the whole beat is a sign of their unending idiocy.  Wag nyo igaya kay @lenirobredo si Sandro. Her LUGAW BRAIN is phenomenal.,Text,10/12/2022 0:21,Rational,0,1,0,0,None
127,"peso, weak, dollar, strong",Anonymous,9/18,34,57,Unidentified,"""THE PESO IS WEAK BECAUSE THE DOLLAR IS STRONG.""

Sa isang press briefing, ipinaliwanag ni Ilocos Norte 1st District Rep. Sandro Marcos kung bakit patuloy ang pagsadsad ng halaga ng piso kontra dolyar. #News5 

WATCH: https://t.co/ubysWYBNEl https://t.co/3jBjGPKVbj",Text,10/12/2022 0:06,"Rational,Emotional",1,0,0,0,None
128,"peso, weak, dollar, strong",Anonymous,4/21,1753,45,Unidentified,"So today we were told that the rising prices are okay, and are in fact necessary, and the peso is not weak, it's just that the dollar is strong. It's a good day.","Text,Image",10/11/2022 23:59,"Rational,Emotional",1,1,0,0,None
129,"peso, weak, dollar, strong",Anonymous,1/18,329,329,Philippines,TLDR: weak peso is caused by strong US dollar. Yan lang dapat. ??,Text,10/11/2022 23:46,Rational,4,1,0,0,None
130,"peso, dollar, sandro",Identified,11/5,570,6950,Philippines,"Sandro's statement that ""THE PESO IS WEAK BECAUSE THE DOLLAR IS STRONG"" is clickbait on media's end

tbf, he explains and seems to understand the currency situation fairly well

he's already probably smarter and makes more sense than his dad lmao",Text,10/11/2022 23:18,Emotional,6,0,1,0,None
131,"peso, dollar, sandro",Media,10/4,2132,707683,Philippines,"THE PESO IS NOT WEAK BECAUSE THE PESO IS WEAK.'

Ilocos Norte 1st District Rep. Sandro Marcos claimed that the Philippine peso is currently in a downfall because the US dollar is just so strong now. | https://t.co/X1mtCxpmDT

READ: https://t.co/Rf6iwIojtF https://t.co/Y811uAZoxT","Text,URL",10/11/2022 23:06,Rational,7,6,0,3,None
132,"peso, weak, dollar, strong",Identified,9/5,584,4060,Philippines,"THE PESO IS NOT WEAK BECAUSE THE PESO IS WEAK.'

Ilocos Norte 1st District Rep. Sandro Marcos claimed that the Philippine peso is currently in a downfall because the US dollar is just so strong now.

READ: https://t.co/zh9syUeI1L https://t.co/7GCWE4grgZ",Text,10/11/2022 22:38,Rational,4,0,1,0,None
133,"peso, weak, dollar, strong",Identified,9/6,767,253,Philippines,the peso is weak bc the dollar is strong ?????????? - boss lodi sandro marcos ????????,"Text,Quote",10/11/2022 22:33,Rational,0,0,0,0,https://twitter.com/inquirerdotnet/status/1579829265058918401
134,"peso, weak, dollar, strong",Anonymous,11/10,1596,647,Philippines,"Marcos: “The peso is not weak, because the peso is weak. The peso is weak because the dollar is strong.” | @GabrielLaluINQ https://t.co/uO58jXalZF",Text,10/11/2022 22:26,Rational,8,3,0,0,None
135,"peso, dollar, sandro",Media,9/6,669,372059,Philippines,"RP economy is stable and strong, bcoz of these the peso has not weakened. The peso is seemingly weaker bcoz  exchange rate with the dollar is higher, but its due to the STRENGTH  o d US DOLLAR &amp; its HIGH INTEREST rate, NOT  BCOZ  RP ECONOMY IS WEAK causing d fall of d peso.","Text,Image,URL",10/11/2022 22:14,Rational,5,3,1,6,None
136,"peso, dollar, sandro",Media,8/7,1810,3731332,Philippines,"As much as I don't like this guy, what he's saying is true. The peso is weak because the dollar is strong. US is hiking its interest rates to defeat inflation. USD strengthens because it has become high-yielding, other currencies sink (Not just PHP, also EUR, JPY, etc.)","Text,Image,URL",10/11/2022 21:40,Rational,415,205,46,344,None
137,"peso, dollar, sandro",Anonymous,7/15,734,1003,Unidentified,"Okay Sandro let's get to the bottom of this. Granted that the peso is weak, not because it's weak but because the dollar is strong. The question still remains: What is the current administration doing to atleast alleviate it's impact on the poor masses?",Text,10/11/2022 21:17,"Rational,Emotional",5,2,0,0,https://twitter.com/lakwatsarah/status/1579753618265497601
138,"peso, dollar, sandro",Media,8/7,1810,3731332,Philippines,because i would like to make one thing clear… the peso is not weak because the peso is weak. the peso is weak because the dollar is strong.,"Text,Image,URL",10/11/2022 20:46,Rational,1960,538,198,1013,None
139,"peso, weak, dollar, strong",Anonymous,9/6,2164,2203,International,Peso (our own currency) is getting weak because the dollar is getting strong as it is a safety net for many other currencies. He has a point and I don't blame him. He actually makes sense. Some people convert their currencies to dollar. The global market is trading in dollar.,Text,10/11/2022 20:36,Rational,0,0,0,0,None
140,"peso, weak, dollar, strong",Anonymous,10/20,160,178,Unidentified,"“I would like to make one thing clear... the peso is not weak because the peso is weak. The peso is weak because the dollar is strong.”

Yes","Text,Quote",10/11/2022 20:36,Rational,8,0,1,0,https://twitter.com/iMPACTPH2019/status/1579754408333967361
141,"peso, weak, dollar, strong",Anonymous,8/13,89,129,Unidentified,I would like to make one thing clear... The dollar is not strong because the dollar is strong. The dollar is strong because the peso is weak. https://t.co/VHgrgSt56f,Text,10/11/2022 20:03,Transactional,1,0,0,0,None
142,"peso, weak, dollar, strong",Anonymous,11/21,360,379,Unidentified,"As the peso becomes weaker not because it is weak but because the dollar is strong, government has done the following:

?? 20% increase in import volume YoY as of Septmber 2022
?? borrowed $2 billion in dollar bonds in October 2022","Text,Quote",10/11/2022 19:31,Rational,1,0,0,0,https://twitter.com/maobabie/status/1579562895285055489
143,"peso, weak, dollar, strong",Anonymous,9/7,1163,407,Philippines,"It's funny how ppl do hate Sandro bcos he explained why the peso is weak against the US dollar. Kung trader ka at matalino ka maka Leni ka man or BBM, you'll get his point. Simple microeconomics and macroeconomics lang, magegets mo yung explanation ni Sandro.","Text,Quote",10/11/2022 19:16,Rational,1,1,1,0,https://twitter.com/iMPACTPH2019/status/1579754408333967361
144,"peso, weak, dollar, strong",Anonymous,2/20,122,65,Philippines,"regarding sandro's statement that ""the peso is not weak, the dollar is strong.""

at it's surface, it may appear a tautology, but there is some level of truth to it. +

https://t.co/mIEqNZqx26",Text,10/11/2022 18:57,Rational,0,0,0,0,None
145,"peso, weak, dollar, strong",Identified,9/6,357,105,Philippines,"tbf tama naman talaga ‘yung statement ni sandro re: dollar and peso relationship. ang mali lang, walang action plan. nugagawen namin sa explanation mo","Text,Image",10/11/2022 17:29,Rational,0,0,0,0,None
146,"peso, weak, dollar, strong",Anonymous,10/11,1625,16970,Philippines,"Sandro Marcos is actually correct. Because of the US Federal Reserve’s tightening monetary policy, the peso including all other currencies are devaluing compared to the dollar. https://t.co/CH2fzL5z4M","Text,Quote",10/11/2022 16:52,Rational,42,2,7,0,https://twitter.com/markyscrackling/status/1579754384715812864
147,"peso, dollar, sandro",Anonymous,1/14,326,213,Unidentified,"It's funny how ppl do hate Sandro bcos he explained why the peso is weak against the US dollar. Kung trader ka at matalino ka maka Leni ka man or BBM, you'll get his point. Simple microeconomics and macroeconomics lang, magegets mo yung explanation ni Sandro.",Text,10/16/2022 7:43,Rational,1,1,0,0,None
148,"peso, dollar, sandro",Anonymous,9/20,706,1949,Unidentified,"regarding sandro's statement that ""the peso is not weak, the dollar is strong.""

at it's surface, it may appear a tautology, but there is some level of truth to it. +

https://t.co/mIEqNZqx26","Text,URL",10/15/2022 11:56,Rational,1,1,0,0,None
149,"peso, dollar, sandro",Anonymous,12/15,24,24,Unidentified,"tbf tama naman talaga ‘yung statement ni sandro re: dollar and peso relationship. ang mali lang, walang action plan. nugagawen namin sa explanation mo",Text,10/14/2022 15:57,"Rational,Emotional",2,1,0,0,None
150,"peso, dollar, sandro",Identified,8/19,643,296,Philippines,"Sandro Marcos is actually correct. Because of the US Federal Reserve’s tightening monetary policy, the peso including all other currencies are devaluing compared to the dollar. https://t.co/CH2fzL5z4M","Text,Image",10/12/2022 10:56,Rational,2,1,0,0,None
